ｃ,名前,,立ち絵,,SE,BGM,
1,―, ,なし,背景８,,雲の隙間,
2,星見心の声,私は天才である。,,一枚絵１,,,
2,星見心の声,少なくとも、この教室にいる皆はそう思っていることだろう。,,,,,
3,星見,「ふぁ……あ……」,,,,,
4,進藤,「星見さん、随分と眠そうだね」,,,,,
4,星見,「そりゃ、この程度の授業じゃねー。眠くもなるわよ」,,,,,
4,進藤,「わーお、全国模試で名前が出ただけはある」,,,,,
4,星見,「あら、知ってたの？」,,,,,
5,進藤,「先生方も騒いでたもの。この学校始まって以来のことだーって」,,,,,
5,星見,「１位を獲ったならまだしも、二桁順位で騒がれてもねぇ。あのくらい、誰だって獲れるわよ」,,,,,
5,進藤,「おおぅ……これが、持つものの傲慢さか」,,,,,
6,星見心の声,――誰だって獲れる？,,,,,
6,星見心の声,いやいや、そんなわけはない。,,,,,
6,星見心の声,私は家で毎日８時間は勉強している。,,,,,
6,星見心の声,寝る間も惜しんでそこまでやって、ようやく全国模試で名前が載るところまで来れたのだ。,,,,,
6,星見心の声,何の努力もせずボサッと星見彼女たちでは、到底無理なこと。,,,,,
7,星見心の声,でも、そんなことは言わない。,,,,,
7,星見心の声,学校では怠惰にしているのに、さらっと好成績を獲る。,,,,,
7,星見心の声,格好良い天才,,,,,
7,星見心の声,崇められる対象,,,,,
7,星見心の声,羨望の的,,,,,
7,星見心の声,それが星見ソラ。,,,,,
7,星見心の声,私は、自分をそう定義したのである。,,,,,
8,進藤,「ねえ、星見さん、それならさ――」,,,,,
8,進藤,「――彼女でも、成績上がるのかな？」,,,,,
0,―,FADEOUT,,,,,SLOW
1,―,DISPLAYTITLE,,,,,FIRST
2,―,FADEOUT,,,,,SLOW
0,―,FADEIN,,背景８,,,0
2,―,WAIT,,,,,0.5
10,先生,「暮六！　また寝てるのか、お前は！」,,,,カフェオレオレオ,
10,暮六,「ひゃうっ！？　お、起きてます起きてます！」,立ち絵12,,,,
11,先生,「そうか。じゃあ、問３の答えは？」,,,,,
11,暮六,「は、はい。えーと……」,立ち絵18,,,,
12,暮六,「……」,立ち絵６,,,,
12,先生,「……」,,,,,
13,暮六,「……先生、質問いいですか？」,立ち絵16,,,,
13,先生,「なんだ？」,,,,,
14,暮六,「な……何ページ目の問３でしょうか？」,立ち絵15,,,,
15,先生,「バカモノーッ！！！！！」,なし,背景７,,,
15,暮六,「ご、ごめんなさーいっ！」,,,,,
16,星見心の声,教師に頭を抱えさせるクラスメイト、暮六ひつじ。,,一枚絵２,,,
16,星見心の声,彼女は私とは対象的に、この学校きっての劣等生だ。,,,,,
17,星見心の声,暮六さんはとにかくよく寝る。,,,,,
17,星見心の声,授業の何割起きているのかというくらい寝て寝て寝まくる。,,,,,
18,暮六,「お、起きてなきゃ……起きてなきゃ……」,,,,,
18,星見心の声,どこにでもいる落ちこぼれ。,,,,,
18,星見心の声,『華麗なる私の人生に一瞬だけ現れた<r=モブ>どうでもいい端役</r>』,,,,,
18,星見心の声,それが私から彼女への評価のすべてだった。,,,,,
19,星見心の声,すべて、だったのだ。,,,,,
20,―,FADEOUT,なし,,,,SLOW
23,―,WAIT,,,,,0.5
21,―,FADEIN,,背景６,,,0
23,―,WAIT,,,nc125315_【SE】ページめくり音_2【効果音】,stop,1
24,星見,「うーん……なんか、集中できないわね……」,,,,,
25,星見,「……」,,,,,
26,星見,「……落ちこぼれ、か」,,,,,
27,星見心の声,暮六さんは劣等生だ。そこは疑いようもない。,,一枚絵２,,,
27,星見心の声,クラスでの評価も教師の評価も、何より、私の評価がそうなのだから動かしようがない。,,,,,
28,星見心の声,ただ、私があそこまで劣等生になったとして――,,背景６,,,
28,星見,「――私が暮六さんだったら、学校になんて通えるかしら？」,,,,,
29,星見心の声,クラスの誰からもバカにされて、なお通うというのは、とてもつらいことだと思うのだ。,,,,,
29,星見心の声,だったら、起きていられるよう夜に眠るなり医者に薬を処方してもらうなりすれば良いのだが……。,,,,,
30,星見,「はぁ……」,,,,,
31,星見,「……気分転換しましょうか」,,,,,
32,―,FADEOUT,なし,,,,SLOW
2,―,WAIT,,,,,0.5
33,―,FADEIN,,背景３,,,0
34,星見,「へぇ……思ったよりいい景色じゃない」,,一枚絵３,,,
35,星見心の声,マンションの屋上から見上げる夜空は幻想的だった。,,,,,
35,星見心の声,<r=またた>瞬</r>く星に、天上で輝く大きな大きな月。,,,,,
35,星見心の声,雲は空を映し出すスクリーンのように広がっていた。,,,,,
36,星見心の声,コートの隙間から出た顔を、ひんやりと撫でる風が心地よい。,,,,,
36,星見心の声,街の喧騒から遠く、人の声もテレビの音も夜の<r=しじま>静寂</r>に飲まれている。,,,,,
36,星見心の声,このまま、何時間でも空を見上げてぼんやりとしていたいと思えた。,,,,,
37,―,WAIT,,,ドアを開ける,,1
38,星見心の声,不意に、背にしたドアが開く音がした。,,,,,
38,星見心の声,せっかくいい気分だったというのに、無粋な<Link="※無断で入り込んだ者のこと。"><color=#007BFF><r=ちんにゅうしゃ>闖入者</r></color></Link>もあったものだ。,,,,,
38,星見心の声,いや、屋上も夜空も私だけのものではないのだが。それでもね。,,,,,
39,星見,「えっ？」,,背景３,,,
40,暮六,「星見さん……？」,立ち絵12,,,カフェオレオレオ,
40,星見,「く、暮六さん？」,,,,,
41,暮六,「星見さん、どうしてこんなところに？」,立ち絵１,,,,
41,星見,「いや、それはこっちのセリフなんだけど……」,,,,,
42,暮六,「はっ！　もしや、星見さんはこのマンションに盗みに入りに……！」,立ち絵12,,,,
42,星見,「んなわけあるか！　私はここの住人よ！」,,,,,
43,暮六,「しーっ！　星見さん、声が大きいです。まだあたし以外誰も見ていません。今のうちに、逃げてください」,立ち絵19,,,,
43,星見,「いや、なんで、私が下手な嘘を吐いたみたいになってんのよ？本当よ。本当に、私はここの住人なの」,,,,,
44,暮六,「仮に、星見さんが本当にここの住人だったとして」,,,,,
44,星見,「本当なのよ」,,,,,
44,暮六,「それでも、こんな時間に屋上に来るのは変だと思いませんか？」,,,,,
44,星見,「その言葉、そっくりそのまま返していいかしら？」,,,,,
45,暮六,「あたしはいいんです。夜の方が過ごしやすいですから」,立ち絵１,,,,
45,星見,「口ぶりからして暮六さんもここの住人なんだろうけど、ダメよ？　そうやって、夜更かししてるから授業中に起きてられないのよ」,,,,,
45,暮六,「うっ、それを言われるとつらいです」,,,,,
46,星見,「はいはい。わかったら、帰って寝なさい。部屋まで戻れる？　トイレに行ける？」,立ち絵19,,,,
46,暮六,「子供じゃないんですから、それくらいできますよ！」,,,,,
46,星見,「だったら、さっさと帰んなさい」,,,,,
46,暮六,「ああー、待って待って、押さないで、押さないでください」,,,,,
47,暮六,「わかりました！　事情を話します！　事情を話しますから！」,立ち絵22,,,,
47,星見,「事情ぅ？　夜更かしに、んなもんあるの？」,,,,,
47,暮六,「あるの！　あるんです！」,,,,,
47,星見,「じゃ、言ってご覧なさいよ」,,,,,
48,暮六,「何を隠そう、このあたし、夜さっぱり眠れない病の患者なのです！！！！！」,立ち絵４,,,,
48,星見,「帰って寝ろ」,,,,,
48,暮六,「ああー！　待って待って！　本当です、本当なんですっ！」,,,,,
48,星見,「うるっせぇ！　そんな、けったいな名前の病気があるかァ！」,,,,,
49,暮六,「ノスフェラトゥ病と呼ばれる罹患者がほとんどいない病気です。これ、大学病院のお医者さんの診断書です」,立ち絵17,,,,
49,星見,「え、嘘……なんで、診断書なんて持ち歩いてんのよ？」,,,,,
49,暮六,「表を出歩くと、たまに星見さんみたいな事情を知らない善意の第三者にぶつかるからです」,,,,,
49,星見,「うっ、ちょっと納得できる理由」,,,,,
50,暮六,「大真面目な話ですよ。今、スマホで調べてもらっても構いません。日本での症例として、あたしの年齢とイニシャルが確認できるはずですから」,立ち絵19,,,stop,
50,星見,「うわ、本当にあるし！？」,,,,,
51,暮六,「ふふん、星見さんもようやくわかってくれましたか」,立ち絵１,,,,
51,星見,「ああうん……さすがに、年齢イニシャル他の特徴が合致していて疑うつもりはない。悪かったわ」,,,,,
52,星見,「じゃあ、私はそろそろ帰るけど、暮六さんも暇つぶしはほどほどにしておきなよ？」,立ち絵17,,,,
52,暮六,「ええ、そうしておきます」,,,,,
53,星見,「しかし、ノスフェラトゥ病ねぇ……ちょっと、格好良いわね」,立ち絵３,,,,
54,暮六,「星見さんっ！　わかってくれますか、この格好良さ！」,なし,一枚絵４,,カフェオレオレオ,
54,星見,「うわ、びっくりしたぁっ！？」,,,,,
55,暮六,「そうですよ！　ノスフェラトゥですよ、ノスフェラトゥ！　吸血鬼な名前ですよ！　これもう、名付けたえらいお医者さんもきっと格好良いと思ってほくそ笑んだに違いないですよ！」,,,,,
55,星見,「い、いや、私は別にそこまで」,,,,,
55,暮六,「星見さん」,,,,,
55,星見,「な、何よ？」,,,,,
55,暮六,「このノスフェラトゥ病は――」,,,,,
56,暮六,「――かかると、いい具合に髪の色素が抜けていって、きれいな銀髪になるんですよ！」,,,,,
56,星見,「なにそれ、すっげぇかっけぇ！！！！！」,,,,,
57,暮六,「ふっふっふ……やはり、星見さんもこの格好良さがわかる逸材でしたか……！」,,,,,
57,星見,「――あっ」,,,,,効果音とか画面効果
58,星見,「い、いや、私は別にそういうのは――」,,,,,
58,暮六,「他にもノスフェラトゥと呼ばれるにふさわしい理由がたくさんあるのですが……気になりませんか？」,,,,,
58,星見,「ううっ！」,,,,,
59,星見,「ううぅ……っ！」,,,,,
60,星見,「……認めるので、聞かせてください」,,,,,
60,暮六,「喜んで！」,,,,,
61,星見心の声,こうして、天才のような私は、<r=きんせんにふれる>厨二病的</r>な病人、暮六さんと友人になってしまったのである。,,,,,
62,―,FADEOUT,なし,カット,,stop,SLOW
63,―,WAIT,,,,,1
63,―,FADEIN,,背景３,,,0
64,暮六,「枕投げしましょう！」,立ち絵４,,,,
64,星見,「よし、帰って寝る」,,,,,
64,暮六,「あれぇ！？　反応悪くないですか！？」,,,,,
65,星見,「いや、むしろ、なんで良い反応が返ってくると思ったのよ？夜中に屋上で枕投げとか意味分かんないわよ」,立ち絵22,,,,
65,暮六,「そこはホラ、夜に友達とする遊びということで」,,,,,
65,星見,「枕投げは屋内競技よ」,,,,,
65,暮六,「なんと」,,,,,
66,暮六,「そうなると、あとは恋バナとか？」,立ち絵１,,,,
66,星見,「……」,,,,,
66,星見,「ひつじ、語れることあるの？」,,,,,
66,暮六,「ないです」,,,,,
66,星見,「ダメじゃん」,,,,,
67,暮六,「あたしは恋人とか要らないからいいんですぅー！　決して、負け惜しみじゃないからいいんですぅー！」,立ち絵５,,,,
67,星見,「そうね。負け惜しみじゃないなら別に問題ないわね。何も問題ないわ。ええ」,,,,,
67,暮六,「くぁあああ！　慈愛のこもってない挑発的な目があたしを襲うぅううう！」,,,,,
67,星見,「挑発っていうか、バカにしてんのよ」,,,,,
67,暮六,「ァァァァァ！　ヌッコロス！」,,,,,
67,星見,「日本語しゃべんなさいよ」,,,,,
68,暮六,「ていうか！　星見さんはどーなんですかっ！　彼氏がいるなんて聞いたことないですよっ！」,立ち絵19,,,,
68,星見,「そりゃまあ、彼氏なんて要らないからいないし」,,,,,
69,暮六,「なーんだ、やっぱり仲間じゃないですかー」,立ち絵23,,,,
69,星見,「そうね。普通、ガリ勉はモテないっていうし」,,,,,
69,暮六,「ですよね！　ですよねっ！」,,,,,
69,星見,「まあ、全国模試３桁番くらいのガチで東大行くレベルになると、確実に将来性があるからモテるんだけど」,,,,,
69,暮六,「ァァァァァ！」,,,,,
69,星見,「だから、日本語しゃべんなさいって」,,,,,
70,星見,「てか、ひつじは彼氏なんか欲しいの？」,立ち絵18,,,,
70,暮六,「あ、それは本当に要らないです。でも、それはそれとしてモテたい」,,,,,
70,星見,「なんだ、この女」,,,,,
70,暮六,「世の中はもっとあたしをチヤホヤすべき」,,,,,
70,星見,「なんだ、この女」,,,,,
71,星見心の声,この女、もとい、ひつじとマンションの屋上で出会ってから１週間が過ぎた。,,,,HIRAHIRA,
72,星見心の声,それでわかったことだが、ひつじはおバカである。,立ち絵１,背景１,,,
73,星見心の声,夜中なら、本当に、いつ来ても居る。,,,,,
73,星見心の声,そして、だいたい余計なものをなんか持ってる。,,,,,
73,暮六,「あ、星見さん！　これ、わんちゃん用のブラシなんですけど、わんちゃんが気持ち良さそうにしてたんで借りてきたんですよ！」,,,,,
73,星見心の声,翌朝、きれいな黒髪に犬の毛が混ざったまま登校してた。,,,,,
74,星見心の声,あるいは、私との話題作りにあえて突拍子もないものを持ってきているのかもしれない。,立ち絵17,背景３,,,
74,星見心の声,でも、刃物は叱った。,立ち絵17,背景３,,,
74,星見心の声,ビビるわ。,立ち絵17,背景３,,,
74,暮六,「同級生に叱られたの初めて」,,,,,
74,星見心の声,こっちだって同級生叱ったの初めてだよ。,,,,,
75,星見心の声,あと、私が部屋に戻ろうとすると必ず引き留める。,立ち絵11,,,,
75,暮六,「これ、聞いた話なんだけど、あまり寝過ぎると、人間ってバカになるんだよ？　だから、もうちょっと、ね？ね？」,,,,,
75,星見心の声,私は日中も勉強するんだから寝かせろ。,,,,,
76,星見心の声,そんな感じで、何かと手はかかるが、深夜の勉強の気分転換には良い存在。それが、私からのひつじの評価だ。,,,,,
77,暮六,「それじゃ、星見さん、おやすみ。また明日ね！」,立ち絵20,,,,
77,星見,「……私が気分転換しないかもしれないとは思わないわけ？」,,,,,
77,暮六,「え？　なんで？」,,,,,
77,星見,「なんでって……」,,,,,
78,暮六,「だって、あたしたち友達でしょ？　だから、遊びに来てくれてるんだもの。疑う余地なんてないわ」,,,,,
79,星見心の声,あー……。,,,,,
80,星見心の声,おバカという評価は訂正しようと思う。,立ち絵１,,,,
80,星見,「……ひつじ、あんたさ」,,,,,
80,暮六,「え？　何々？」,,,,,
80,星見心の声,彼女は――,,,,,
81,星見,「実は長いことボッチだった？」,,背景５,,,
81,暮六,「なんで、急にディスったの！？」,立ち絵11,,,,
81,星見心の声,――愛すべきおバカである。,,,,,
62,―,FADEOUT,なし,カット,,stop,SLOW
63,―,WAIT,,,,,1
63,―,FADEIN,,背景３,,,0
85,暮六,「勉強教えてください」,立ち絵15（パジャマ）,,,,
85,星見,「さーて、気分転換おしまい。部屋に帰ろうかー」,,,,,
85,暮六,「待って待って待って」,,,,,
86,暮六,「割とマジでシャレにならないので助けてください」,なし,一枚絵５,,,
86,星見,「シャレにならないって何があったのよ？」,,,,,
86,暮六,「それは聞くも涙、語るも涙な大河５本分くらいのドラマがございまして」,,,,,
86,星見,「帰る」,,,,,
86,暮六,「待って待って待って」,,,,,
87,星見,「で、何があったってわけ？」,,,,,
87,暮六,「実は、今日の午後、担任に呼び出されまして」,,,,,
87,星見,「ほう」,,,,,
88,先生,『暮六、授業寝すぎだ。このままだと進級させられないぞ？』,立ち絵12,背景８,木琴コロコロ,,
88,暮六,『にゃんと』,,,,,
89,先生,『寝てるのも良くはないんだが、それに目を瞑ったとしても、成績が悪すぎる』,立ち絵２,,,,
89,暮六,『そんなに悪いんですか？』,,,,,
89,先生,『暮六の中間テスト、５教科で５０点だったぞ』,,,,,
89,暮六,『悪いですけど、半分取れてたなら……』,,,,,
89,先生,『５教科合計で５０点だ』,,,,,
89,暮六,『やべぇ』,,,,,
90,先生,『とにかく、期末テストはせめてそのくらい取れ！　取ってくれ！じゃないと、一緒に吊るし上げられるんだよ！　こっちも！』,,,,,
91,暮六,「――という<Link="※受け入れられなければ平和的な外交交渉を打ち切る最後の要求のこと。ここでは冗談めかして語っている。"><color=#007BFF>最後通牒</color></Link>があったのですが、何とか値切って平均４０点で手を打たせました」,なし,一枚絵５,木琴コロコロ,,
91,星見,「値切んなや」,,,,,
92,暮六,「なので、簡単に４０点取るコツ教えてくーださい」,,,,,
92,星見,「あるかい！　そんな都合のいいもの」,,,,,
93,暮六,「……と、思わせておいて？」,,,,,
93,星見,「ない」,,,,,
93,暮六,「と、みせかけて？」,,,,,
93,星見,「ないものはない」,,,,,
94,暮六,「でもでも、星見さんは全国模試で名前が出る大天才じゃないですか。テストの点の取り方を熟知してるでしょう？　それなら！」,,,,,
94,星見,「……まあ、確実に点を取る方法はあるわよ」,,,,,
94,暮六,「おおっ！　教えてください教えてください！」,,,,,
95,星見,「教科書丸暗記しろ」,,,,,
96,暮六,「ほーしーみーさーんー。ふざけないでくださいよう」,,,,,
96,星見,「ふざけてるのはどっちよ？」,,,,,
96,暮六,「えっ？」,,,,,
97,星見,「学校では見せないけれど……私がどれだけ勉強してるか、ひつじは知ってるでしょ？　それを都合の良いコツ１個聞いて済ませようって、気分の良い話だと本当に思う？」,,一枚絵６,,,
97,暮六,「あっ！」,,,,,
98,暮六,「……ごめんなさい。軽率でした」,,,,,
98,星見,「ん。じゃ、勉強しようか」,,,,,
98,暮六,「ぅえっ！？」,,,,,
99,暮六,「手伝ってくれるの？」,,,,,
99,星見,「ま、友達ってそういうものらしいじゃん？　私はよく知らないけどさ」,,,,,
100,星見,「ほら、早くノートと教科書持ってきなさい」,,,,,
100,暮六,「す、すぐ戻るね！」,,,,,
62,―,FADEOUT,なし,カット,,,SLOW
63,―,WAIT,,,,,1
63,―,FADEIN,,背景３,,,0
104,星見,「問２．limitを使って微分された佐藤くんと山田さんの気持ちを秋田名物に例えなさい」,,一枚絵７（２）,,カフェオレオレオ,
104,暮六,「え、えーとえーと……」,,,,,
105,暮六,「あー、夜だから眠くなってきちゃったー」,,一枚絵７（３）,,,
105,星見,「あんたは夜、眠くなりゃしないでしょ」,,,,,
105,暮六,「いやでも、数学は……数学かこれ？　数学は苦手で」,,,,,
105,星見,「得意な科目あったら５教科合計が５０点になんてならないのよ」,,,,,
105,暮六,「事実陳列罪で逮捕するぞー」,,,,,
105,星見,「いいから解け」,,,,,
105,暮六,「ｳﾜｧﾝ」,,,,,
106,星見心の声,教えを<r=こ>請</r>われて１週間。真夜中の月の下での勉強会はまだ続いていた。,,,,,
107,星見心の声,ひつじはひとつ迷うたびに雑談を挟むのだが、存外、筋は悪くなかった。,,,,,
107,星見心の声,応用こそボロボロだが、基礎の基礎――中学生までの内容であれば、だいたいのことを理解していたのだ。,,,,,
108,星見心の声,不思議に思ったので、直接聞いてみた。,,一枚絵７（２）,,,
108,星見,「ひつじの<r=ビョウキ>バカ</r>って中学の頃はマシだったの？」,,,,,
109,星見心の声,で、返ってきた答えは、,,一枚絵７（１）,,,
109,暮六,「そうですね。中学の頃はまだ発症していなかったので、普通に日中も勉強できたんです」,,,,,
109,星見心の声,おバカキャラかと思いきや、当時は学年上位だったという。驚きだ。,,,,,
110,星見心の声,盛者必衰、いや、人に歴史ありということか。ひつじに必要だったのは、真夜中に教えてくれる教師だったのだろうと思った。,,,,,
110,星見心の声,まあ、さすがに、望めるものじゃないが。,,,,,
110,星見,「こんな時間じゃ、家庭教師ですら嫌がるでしょうしね」,,,,,
111,暮六,「いっそ、教師もノスフェラトゥ病になれば夜に授業してくれそうなんですが」,,一枚絵７（２）,,,
111,星見,「生徒が足りないでしょ」,,,,,
112,暮六,「じゃあ、学校でノスフェラトゥ病が大流行するっていうのはどうですか？」,,一枚絵７（１）,,,
112,星見,「移る病気じゃないでしょうが」,,,,,
112,暮六,「そこは移るようになっちゃった感じで」,,,,,
112,星見,「自分の都合で学校に崩壊をもたらすな」,,,,,
113,星見,「それより、１問目の計算間違ってるから残り全部間違ってるわよ」,,一枚絵７（２）,,,
113,暮六,「えっ！？」,,,,,
114,暮六,「もっと早く教えてくださいよう！」,,,,,
114,星見,「自分を疑うのも勉強のうちよ」,,,,,
114,暮六,「うがー！」,,,,,
114,星見,「ははは」,,,,,
115,星見心の声,何気なく語ったが、ひつじにとってそれは何度も想像した『平等な社会』なのではないだろうか。,,,,,
116,星見心の声,社会は不平等だと<r=いきどお>憤</r>る者はいる。,,,,,
116,星見心の声,己の不遇を社会のせいにして、「もっと俺をチヤホヤしろ」と怒る人たちだ。,,,,,
117,星見心の声,彼らの主張が真に妥当なのかはさておき、ひつじはそういった不平不満を漏らしはしない。,,,,,
118,星見心の声,ハンディキャップに苦しんでいるであろう彼女があえて共感を求めようとしないのならば、私はその意志を尊重したい。,,,,,
119,星見,「そこも問１で間違ってるから、後全部間違いよ」,,,,,
119,暮六,「だから、なんでもっと早く教えてくれないんですかぁ！？」,,,,,
120,星見,「そこは今気付いたのよ」,,,,,
120,暮六,「絶対嘘だぁー！」,,,,,
120,星見心の声,この気高い<r=よるのきぞく>ノスフェラトゥ</r>に心からの称賛を。,,,,,
62,―,FADEOUT,なし,カット,,stop,SLOW
63,―,WAIT,,,,,1
124,兄貴,「よう。待たせたか？」,,,,,
124,？？,「待ったわよ。１５分も遅いじゃない」,,,,,
124,兄貴,「たかが１５分じゃねえか。固いことは言うなよ」,,,,,
125,？？,「たかが１５分？　私が何のためにこんなことをしてるかわかってるの？　時間が欲しくてしてるのに、時間を無駄にされたらたまったものじゃないわ！」,,,,,
125,兄貴,「あー、悪かった悪かった」,,,,,
125,？？,「まったく！　これだから頭の悪い人は！」,,,,,
125,兄貴,「へいへい」,,,,,
126,？？,「……それで、薬は？」,,,,,
126,兄貴,「ちゃんと持ってきたぞ。ほら、確認しろ」,,,,,
127,兄貴,「眠気が飛ぶやつ１００錠だ」,,,,,
63,―,WAIT,,,,,0.5
63,―,FADEIN,,背景３,,,0
131,暮六,「星見さん星見さん、やりましたよ！」,立ち絵４（パジャマ）,,,HIRAHIRA,
131,星見,「んー？　どうしたのよ？」,,,,,
132,暮六,「小テストで初めて満点取れたんです！」,立ち絵19（パジャマ）,,,,
132,星見,「ひつじ……カンニングはダメだってあれほど言ったのに……」,,,,,
132,暮六,「言ってないですよね！？　違う。カンニングしてないですからね！？」,,,,,
133,星見,「冗談よ。おめでとう。簡単なテストだったけれども大きな一歩ね」,立ち絵20（パジャマ）,,,,
133,暮六,「はいっ！　星見さんのおかげです！」,,,,,
134,星見心の声,教えを<r=こ>請</r>われて早二ヵ月。夜の勉強会は成果を上げ始めた。,,,,,
135,星見心の声,遅い歩みではあったが、ひつじは腐らなかった。,,,,,
135,星見心の声,今の授業と並行して中学時代まで遡って学び直し、ついに実感できる成果を手にしたのだ。,,,,,
136,暮六,「テストを返却された瞬間、星見さんと同じ高みから愚民どもを見下ろしていると気付いて、もうたまらなかったですよ」,立ち絵４（パジャマ）,,,,
136,星見,「いや、あれは勘違いでもなければほぼ全員が満点取るテストなんだけど？」,,,,,
136,暮六,「見下ろす側に立ったことには違いないので！」,,,,,
136,星見,「いいのかそれで」,,,,,
137,暮六,「でも、あれですね。返却されたテストを直行でゴミ箱にインしちゃう人がいることには驚きました」,立ち絵１（パジャマ）,,,stop,
137,星見,「あー、進藤さんね」,,,,,
138,星見,「彼女、いっつもそうよ。小テストはもらったそばから捨ててっちゃうの」,,,,,
139,暮六,「もしや、進藤さんはあたしの仲間……！」,立ち絵３（パジャマ）,,,,
139,星見,「彼女、勉強できるわよ」,,,,,
139,暮六,「あうっ！」,,,,,
139,星見,「具体的には、成績表に私の次に名前が載るわね」,,,,,
139,暮六,「めちゃめちゃできるじゃないですか！？」,,,,,
140,星見,「まあ、正直ちょっと苦手なのよね」,立ち絵１（パジャマ）,,,,
140,暮六,「苦手？」,,,,,
140,星見,「成績が発表されるたびに<r=にら>睨</r>まれてる気がするのよ」,,,,,
141,星見,「自意識過剰……だと思いたいんだけど、実際に私は彼女の目の上のたんこぶしてるわけだし。かといって確かめるのも……」,立ち絵２（パジャマ）,,,,
141,暮六,「『成績発表されたら<r=にら>睨</r>んでますか？』なんて聞けないですもんね」,,,,,
141,星見,「そういうこと」,,,,,
142,暮六,「ピンチの時はあたしを呼んでください。あたしは星見さんの味方です！」,立ち絵20（パジャマ）,,,,
142,星見,「いや、別に何かされたわけじゃないから」,なし,,,,
143,暮六,「よーし、今夜も勉強がんばりますよー」,,,,,
144,星見心の声,やったことの結果が出てくると楽しくなるものだ。,,一枚絵７（３）,,HIRAHIRA,
144,星見心の声,私が１０も２０も言葉を重ねるよりも、テストに書かれたたった２、３文字の点数の方がやる気を出させられる。,,,,,
144,星見心の声,ちょっと不満だけど。,,,,,
145,星見心の声,もう少しマシな環境があったならば、こうなるまでも早かったと思うのだが……。,,,,,
146,暮六,「ここで、えぐりこむようにして三角関数を……なるほど」,,一枚絵７（２）,,,
146,星見,「ひつじってさ」,,,,,
146,暮六,「はい？」,,,,,
147,星見,「定時制高校行くとか中卒で働くとか考えなかったの？」,,,,,
147,暮六,「あー、考えはしましたけれど、定時制高校って、そんなに真夜中まではやってないんです」,,,,,
147,星見,「そうなの？」,,,,,
147,暮六,「はい。２１時台には終わっちゃうようで」,,,,,
147,星見,「へえ、知らなかった」,,,,,
148,暮六,「あと、中卒で働くという考えもなかったですね。それだと夢が叶えられないので」,,一枚絵７（１）,,,
148,星見,「夢？」,,,,,
148,暮六,「はい」,,,,,
149,暮六,「あたし、お医者さんになりたいんです」,,一枚絵７（３）,,,
149,星見,「ほう。そりゃまた、大した夢ね」,,,,,
150,暮六,「<r=このびょうき>ノスフェラトゥ病</r>にかかって、昼起きてられないつらさを嫌というほど味わいましたので、普通に高卒して医学部行くぞ、って高校入ったんですが……」,,,,,
150,星見,「居眠り居眠り雨居眠りで、医学部どころか進級すら怪しくなった、と」,,,,,
150,暮六,「その通りです……」,,,,,
151,暮六,「その点、星見さんは良いですよね。全国模試二桁って……それもう、<Link="※２０２５年の東京大学理科三類合格者は９８人。"><color=#007BFF>東大医学部</color></Link>だろうと行けるじゃないですか」,,,,,
151,星見,「フフン、まーね。凄いでしょ？」,,,,,
151,暮六,「凄いです。心底凄いです」,,,,,
151,星見,「フフフ……もっと褒めなさい」,,,,,
152,星見,「模試の順位ばっかり見てるようだけど、私は英検も１級持ってるのよ」,,,,,
152,暮六,「英検１級！？　え、英語ペラペラリーヌ？」,,,,,
152,星見,「他にもフランス語とドイツ語も片言レベルでなら話せるわ。どう、凄い？」,,,,,
152,暮六,「凄いです！　海外だって行き放題じゃないですか！」,,,,,
152,星見,「フッフーン！　そうよ！　そうなのよ！」,,,,,
153,星見,「これはまだナイショにしてることだけど……<Link="※国際数学オリンピックのこと。参加条件は２０歳未満で高校生以下で、１国につき代表は６名まで。"><color=#007BFF>数学オリンピック</color></link>もいいなぁって思ってるのよね。高校生ならではの挑戦って感じでしょ？」,,,,,
153,暮六,「おおーおおーおおーーーーー！　よくわかんないけど凄いやつですよね、凄い！」,,,,,
153,星見,「ひつじの認識がふわっふわだけど、そうよ！　凄いのよ！」,,,,,
153,暮六,「星見さん、かっくいー！」,,,,,
153,星見,「おーほほほ！　褒めなさい、もっと褒めなさい！」,,,,,
153,暮六,「それで、星見さんは――」,,,,,
154,暮六,「――星見さんは、何になりたいんですか？」,,,,stop,
155,星見,「えっ……？」,,一枚絵７（１）,,,
156,暮六,「星見さんは、頑張ってたくさん勉強して、行きたいところに行けるようになったんですよね？　じゃあ――」,,,,,
157,暮六,「――どこに行きたくて勉強しているんですか？」,,,,,
158,星見心の声,私は天才である。,,,,,
159,星見心の声,学校では怠惰にしているのに、さらっと好成績を獲る。,,,,,
159,星見心の声,格好良い天才。崇められる対象。羨望の的。それが星見ソラ。,,,,,
159,星見心の声,私は、自分をそう定義したのである。,,,,,
160,星見心の声,そうとしか、定義していなかったのだ。,,,,,
62,―,FADEOUT,なし,カット,,stop,SLOW
63,―,WAIT,,,,,1
164,兄貴,「よう。待たせたか？」,,,,,
164,？？,「待ったわよ。学習しないわね、あんた」,,,,,
164,兄貴,「悪い悪い。忙しくってな」,,,,,
165,兄貴,「ほら、俺らの傘下で女に乱暴してえやつらが不満を漏らしてて――」,,,,,
165,？？,「そんなどうでもいいバカの話を私が聞きたいと思う？」,,,,,
166,兄貴,「……オーケー、仕事の話をしよう。いつもの１００錠でいいんだな？」,,,,,
166,？？,「ええ。早く出しなさい」,,,,,
167,兄貴,「ほらよ、眠気が飛ぶやつだ」,,,,,
168,兄貴,「なあ、もっといい薬は要らないのか？」,,,,,
168,？？,「いい薬？」,,,,,
168,兄貴,「集中力が上がる薬とか頭が良くなる薬とかもあるぞ」,,,,,
169,？？,「そんな都合の良い薬、あるわけないでしょ！　あんた、私をバカにしてんの！？」,,,,,
169,兄貴,「いや、要らないならいいさ」,,,,,
169,？？,「不愉快な男ね！　バカならバカらしくおとなしく私の言うことだけ聞いてなさい！」,,,,,
169,兄貴,「ああ、わかったわかった。余計な口を挟んで悪かったよ」,,,,,
170,？？,「まったく！」,,,,,
63,―,WAIT,,,,,1
172,手下,「兄貴」,,,,,
172,兄貴,「……なんだ？」,,,,,
173,手下,「ヤっちまいますか？　あの生意気な女」,,,,,
173,兄貴,「よせ。合法なものを買う金払いのいい客だ。無駄にしたくはねえ」,,,,,
173,手下,「合法……ですか？」,,,,,
173,兄貴,「ああ。あの女が買ってるのはヤクじゃなくて、ただの無水カフェインだ。そうとは気付いてないがな」,,,,,
174,兄貴,「それよりも、乱暴したいやつらにあてがう女をどうするか考えねえとな」,,,,,
174,手下,「はい、兄貴」,,,,,
63,―,WAIT,,,,,0.5
63,―,FADEIN,,背景８,,,0
178,先生,「では、答案用紙を返すので呼ばれたら順に取りに来るように。最高点は９６点、平均点は６２点だった。次はもう少し頑張るように」,,,,,
179,先生,「９６点。おめでとう、最高点だぞ――」,,,,,
179,先生,「――進藤茜」,,,,,
179,進藤,「はいっ！　ありがとうございます！」,,,,,
180,先生,「５６点」,,,,,
181,先生,「……良いとは言えない点数だ」,,,,,
182,先生,「平均近くとはいえ、そもそもの平均があまり良くないからな。だが――」,,,,,
183,先生,「――それを加味しても、よく頑張ったな、暮六ひつじ」,立ち絵１,,,,
184,先生,「正直、驚いたぞ。よくここまで点数を伸ばしたものだ」,,,,,
185,暮六,「ありがとうございます」,,,,,
186,先生,「授業中の居眠りはいただけないが、最近は放課後に熱心に勉強を聞きに来るようになったし、先生も嬉しいぞ」,,,,,
187,暮六,「ありがとうございます」,,,,,
188,先生,「勉強態度でいえば、他の先生方からも、」,,一枚絵８,,,
188,暮六,「先生」,,,,,
188,先生,「ん？　なんだ？」,,,,,
188,暮六,「……星見ソラさんは、どうなるんですか？」,,,,,
189,先生,「……まだ決まっていない」,,,,,
190,先生,「ほら、騒ぐな。残りの答案返していくぞ」,,背景８,,,
62,―,FADEOUT,,,,,SLOW
23,―,WAIT,なし,カット,,,0.5
21,―,FADEIN,,背景５,,,0
193,―,WAIT,,一枚絵９,,,0.5
195,―,WAIT,,,nc369787_銃声-P2(4),,0.5
196,ゲーム友達A,『ナイス』,,,,,
196,ゲーム友達B,『ナイス、ヘッショ』,,,,,
196,星見,「ｔｈｘ」,,,,,
197,ゲーム友達A,『この後は？』,,,,,
197,星見,「私が倉庫の裏手に回り込むから、表から撃ち続けて。できれば、陣地として確保することを狙ってるように見せてちょうだい」,,,,,
197,ゲーム友達A,『おｋ、ケチらずに弾薬叩き込む』,,,,,
198,星見,「裏手回ったわ。これから１０カウントで飛び込むから、援護よろしく」,,,,,
198,ゲーム友達B,『任せろ、手榴弾で目を引く』,,,,,
198,ゲーム友達A,『合わせる』,,,,,
199,星見,「２、１――今っ！」,,,,,
199,ゲーム友達A,『ＧＯＧＯＧＯ！』,,,,,
200,ゲーム友達B,『撃ち殺せー！』,,,,,
201,ゲーム友達A,『☆ミさん、ナイスゥー！』,,,銃声,,
201,ゲーム友達B,『☆ミさん、マジうまいね。助かったわ』,,,,,
202,星見,「このくらい、当然よ。私は天才なんだから」,,,,,
203,星見,「……天才、なんだから」,,,,,
204,星見心の声,ひつじの夢を聞いた、あの日、私は結局、何も答えられなかった。,,,,雲の隙間,
205,星見心の声,『病気で苦しんだから、自分と同じような病気を持つ人を助ける医者になりたい』,,一枚絵７（１）,,,
205,星見心の声,ひつじの夢は単純で明快で至極ありふれていて――とても、<r=まぶ>眩</r>しかった。,,,,,
206,星見心の声,居眠りを重ねて、成績を落として、クラスメイトからバカにされて――それでも、学校に通い続けた。,,,,,
206,星見心の声,何もかも諦めたような顔で<r=はかな>儚</r>げに笑ってたくせに、私なんかより何百倍も何千倍も強い人間だった。,,,,,
207,星見心の声,勉強ができて、それで私は何がしたいのだろうか？,,背景６,,,
207,星見心の声,一流企業に勤める？　弁護士になる？　エリート官僚になる？,,,,,
207,星見心の声,……どれも、ピンと来ない。,,,,,
208,星見心の声,手元にある紙を見る。,,,,,
208,星見心の声,『今日は帰らないので、ご飯は買うか外食してください』,,,,,
208,星見心の声,母は今日も帰らないつもりらしい。,,,,,
209,星見,「……やだな。『いい子にしていれば』なんて思う歳じゃないのに」,,,,,
210,星見心の声,私の父母は仕事のために生きている。,,,,,
210,星見心の声,家には滅多に帰らない。,,,,,
210,星見心の声,思えば、<r=こご>凍</r>えるほど静かな夜を忘れるため、彼らに褒めてもらいたくて、勉強を始めたような気がする。,,,,,
211,星見,「いい大学に入って、」,,,,,
212,星見,「いい成績で卒業して、」,,,,,
213,星見,「いい給料が出る仕事に就いて、」,,,,,
214,星見,「人生の残りを走りきれるだけのお金を人より少し早く得て、」,,,,,
215,星見,「それから……私は何をしたらいいの？」,,,,,
216,星見心の声,走っていた理由も、走り続ける理由も見失った。,,,,,
217,星見心の声,でも、夜は来る。,,,,,
217,星見心の声,彼女の時間はやってくる。,,,,,
218,星見心の声,やはり、彼女はノスフェラトゥだったのだ。,,,,,
218,星見心の声,<r=わたし>人間</r>とは相容れない存在だったのだ。,,,,,
219,星見心の声,夜が寂しくないよう、私は<r=こご>凍</r>えながら、目を閉じた。,,,,,
220,星見心の声,次に目を開けたとき、<r=かのじょのじかん>夜</r>が終わっていることを祈って。,,,,,
62,―,FADEOUT,なし,カット,,stop,SLOW
23,―,WAIT,,,,,0.5
21,―,FADEIN,,背景７,,,0
224,進藤,「そう！ そうなのよ！」,,,,,
225,進藤,「１位！ １位になったのよ！  だから――」,,,,,
226,進藤,「――え？ あ……ごめんなさい。こんな時間に電話掛けたりして」,,,,,
227,進藤,「……はい。……はい、ごめんなさい。１位になるのがこんなに遅くなって。もっと、勉強頑張ります」,,,,,
228,―,WAIT,,,電話_お話し中_ツーツー音,,1
230,進藤,「……」,,,,,
231,進藤,「……少しくらい、褒めてくれたって」,,,,,
23,―,WAIT,,,,,0.5
233,暮六,「お、おはっ！ おは、おはなっ！ お話、したいことがありますっ！」,立ち絵19,,,,
234,先生,「どうした、暮六？ テストの採点に間違いでもあったか？」,,,,,
234,暮六,「えっ！？ 間違ってるんですかっ！？」,立ち絵12,,,,
234,先生,「いや、知らんよ」,,,,,
234,暮六,「間違ってるなら点数増やしてください！」,,,,,
234,先生,「人の話を聞け」,,,,,
235,先生,「それで、何の用事なんだ？」,,,,,
235,暮六,「ほ、星見さんに追試のチャンスを与えてもらえませんかっ！？」,立ち絵19,,,,
236,先生,「星見については、先生たちも働きかけるつもりはあるが……」,なし,一枚絵10,,,
236,暮六,「お、お願いしますっ！ 縄で縛ってでも連れてきますから！ どうか、お願いします！」,,,,,
237,先生,「……どうして、暮六はそこまでする？ 星見はただのクラスメイトだろ？」,,,,,
237,暮六,「ほ、星見さんは――」,,,,,
238,暮六,「星見さんは……と、友達、ですから」,,,,,
239,先生,「……なるほど、友達だからか」,,,,,
240,先生,「わかった。先生に任せておけ、追試ができるように他の先生方に頭を下げてくる」,立ち絵18,背景７,,,
240,暮六,「先生……！」,,,,,
240,先生,「だから、暮六は、縄かけてでも星見を連れてくるように。いいな？」,,,,,
240,暮六,「はいっ！」,,,,,
241,暮六,「ありがとうございますっ！」,立ち絵１,,,,
241,先生,「ははは、暮六も星見の説得を頑張れよ」,,,,,
23,―,WAIT,なし,,,,0.5
242,進藤,「……」,,,,,
245,進藤,「もしもし、」,,,,,
246,進藤,「ありったけ出すわ。頭がいい女が嫌いな男、集められる？できるだけ、野蛮なやつがいいわ」,,,,,
62,―,FADEOUT,なし,カット,,,SLOW
23,―,WAIT,,,,,0.5
21,―,FADEIN,,,,,0
249,暮六,「星見さん、星見さん、遊びましょう？」,,一枚絵11,,nc2422_オルゴールBGM,
250,星見心の声,小さなひつじが居た。,,,,,
251,星見心の声,夢だろうか。私は、こんな時期にひつじと会った覚えはない。,,,,,
252,暮六,「そんなことないわ。星見さんだって、ほら――」,,,,,
252,暮六,「――まだ、小さな女の子じゃない」,,,,,
253,星見心の声,見下ろせば、私の体も小さかった。なるほど、小さい私が小さいひつじと会っている。夢ではなかったのか。,,,,,
254,暮六,「そんなことよりも、一緒に遊びましょう。お外でかけっこでもいいし、お外でボール投げでもいいし、お外でブランコでもいいわ」,,,,,
254,星見心の声,選択肢にやや偏りが見られる。,,,,,
255,星見心の声,いや、それよりも大きな問題がある。,,,,,
255,星見,「ダメだよ。ひつじ。私はひつじを放って逃げ出したんだ。合わせる顔がない」,,,,,
256,暮六,「何も問題ないよ。だって、顔を合わせなくなっちゃったのは、未来の大きなあたしたち。小さなあたしたちには関係ないもの」,,,,,
256,星見,「な、なるほど……。ひつじ賢い！」,,,,,
257,暮六,「それじゃあ、行きましょ」,,,,,
257,星見,「行くって……どこへ？」,,,,,
257,暮六,「そんなの、決まってるわ」,,,,,
258,暮六,「――あたしと星見さんは友達。だから、疑う余地なんて何もないの」,,,,,
62,―,FADEOUT,なし,カット,,,SLOW
23,―,WAIT,,,,,0.5
21,―,FADEIN,,背景６,,,0
263,星見,「……居ないわよ」,,,,,
264,星見,「私が何日すっぽかしたと思ってんのよ」,,,,,
265,星見,「ひつじは居ない。絶対に」,,,,,
266,星見,「……絶対に」,,,,,
23,―,WAIT,,,,,0.5
269,星見,「……」,,,,,
62,―,FADEOUT,なし,カット,,stop,SLOW
23,―,WAIT,,,,,0.5
21,―,FADEIN,,背景４,,,0
273,星見,「はっ……はっ……」,,,,,
274,星見,「ひー……やっば。思った、より、体、なまって、る……」,,,,,
275,星見,「エレベーター使うべきだったわ。感傷と体力は別。ちょっとおとなになったわ」,,,,,
276,―,WAIT,,背景３,ドアを開ける,,0.5
278,星見,「やっぱりね、そんな都合の良いことなんてあるわけないのよ」,,,,,
279,星見心の声,夜。今は彼女の時間。でも、屋上は誰も居なかった。,,,,,
280,星見心の声,あれから何日経ったと思っている。,,,,,
280,星見心の声,待ち続けてくれているなんて思うのは、どうかしている,,,,,
280,星見心の声,そもそも、先に行かなくなったのは私の方だ。,,,,,
280,星見心の声,彼女を責めるなんてお門違い。,,,,,
281,星見心の声,あれから何日も経ったのに、まだ何も見つけられない私。,,,,,
281,星見心の声,人のせいにしている、身勝手な私。,,,,,
281,星見心の声,わかっている。わかっている。悪いのは私だ。,,,,,
281,星見心の声,私だけれど――,,,,,
282,星見心の声,――それでも、涙が止まらなかった。,,一枚絵12,,,
283,星見心の声,空っぽな私は、空っぽなまま、大事なものをなくしてしまったのだとようやく気づいた。,,,,,
283,星見心の声,間違った私を慰めてくれる人など居るはずもない。,,,,,
283,星見心の声,この虚ろな後悔に、私は――,,,,,
283,進藤,「あら、星見さん、本当に居るじゃない」,,,,,
284,星見,「……進藤さん？」,,背景３,,Libra,
284,進藤,「優等生サマが、こんな時間にひとりで屋上。タバコでもやりに来たの？ それとも、飛び降りちゃうつもりだった？」,,,,,
285,星見,「……」,,,,,
285,進藤,「あら、おだんまり。まあ、どっちでもいいけど。それじゃ、早速やっちゃってよ」,,,,,
285,星見,「え？」,,,,,
286,チンピラA,「悪くねえツラじゃん」,,,,,
286,チンピラB,「へへっ。頭が良くてお高く止まってる女がこいつか」,,,,,
286,チンピラC,「たっぷり思い知らせてやろうぜ」,,,,,
286,チンピラD,「ククク……」,,,,,
286,星見,「な、何……この人たち？ 進藤さん？ 誰なの？ どういうことなの？」,,,,,
287,進藤,「わかってて聞くな、アバズレ」,,,,,
288,進藤,「あんたが邪魔なの。死んで。死ななくてもいいけど、ズタボロに犯されて、二度と日の下を歩けなくなって」,,,,,
288,チンピラA,「俺らも何をしてそこまで恨まれたかなんて知らねえけどさー」,,,,,
288,チンピラB,「へへっ。女のくせに、俺らに代わってエリートコース歩もうとするなんて許せないじゃん？」,,,,,
288,チンピラC,「天罰ってやつだよ、天罰ってやつ」,,,,,
288,チンピラD,「ククク……」,,,,,
289,進藤,「悲鳴を上げたければ、上げるといいわ。人が来れば、どのみちあんたは終わり。いい気味ね」,,,,,
289,チンピラA,「悪く思うなよ。俺らは頭の良い女ってぇのが大嫌いなんだよ」,,,,,
289,チンピラB,「そうそう」,,,,,
289,チンピラC,「勉強さえできりゃ、自分だけはおいしい思いができるってぇ考えがな」,,,,,
289,チンピラD,「ククク……だからな」,,,,,
290,進藤,「痛っ！？ 何すんのよ！ このクソバカチンピラ！」,,,,,
290,進藤,「きゃっ！？」,,,,,
291,チンピラA,「言っただろうが。俺らは勉強ができてお高く付いた女が大嫌いなんだよ」,,,,,
291,チンピラB,「へへっ、当然、お前だってそれに含まれるんだよ」,,,,,
291,チンピラC,「叫んでもいいぜ、お前が言った通り、お前も破滅するだけだ」,,,,,
291,チンピラD,「ククク……」,,,,,
291,進藤,「わ、私に変なことをしたら、あんたたちの兄貴分が黙っちゃいないわよ！」,,,,,
292,チンピラA,「その兄貴からの伝言だ。『もう金のないやつは要らない。最後に迷惑料代わりにこいつらの世話をしろ』だとさ」,,,,,
292,進藤,「そ、そんなっ！？」,,,,,
293,進藤,「だ、誰か助け――」,,,,,
293,―,WAIT,,,キック,,0.75
294,進藤,「うぅ……」,,,,,
294,チンピラA,「おいおい、気絶させんなよ。ユルくなんだろが,,,,,
294,チンピラB,「へへっ、悪い悪い」,,,,,
294,チンピラC,「なぁに、問題ないさ」,,,,,
294,チンピラD,「ククク……そうそう――」,,,,,
294,チンピラD,「――もうひとり、居るんだからな」,,,,,
295,星見心の声,何もわからない。,,,,,
296,星見心の声,私は、大事なことが何もわからない。,,,,,
296,星見心の声,だから、居場所も友達も失って、今や貞操まで奪われようとしている。,,,,,
298,星見心の声,これは、きっと私にふさわしい罰なん……だ。,,,,,
299,チンピラA,「ん？ 何か、言ったか？」,,,,,
299,星見,……だ。,,,,,
300,チンピラA,「はっきり言えよ。はっきり言えば、誰かが聞き届けてくれるかもしれないぜ」,,,,,
300,チンピラB,「そうそう」,,,,,
301,星見,「やだ……。誰か……誰か、助けて……。お母さん、お父さん――」,,,,,
302,星見,――ひつじ。,,一枚絵13,,stop,
302,暮六,「そこは、真っ先に呼んでほしかったんですが、まあ、よしとしましょうか」,,,,,
303,チンピラA,「な、なんだ、この女、いったいどこから！？」,,,,,
303,暮六,「多少、無駄な抵抗をなさいな。あたし、怒ってるんです。星見さんを――」,,,,,
303,暮六,「――大事な友達の星見さんを傷つけようとしたこと、絶対に許しません」,,,,,
304,チンピラA,「女ひとり増えたところで、何ができる！ やっちまえ！」,,,,,
304,チンピラB,「おうっ！」,,,,,
304,暮六,「かかってきなさい、チンピラさんたち！」,,,,,
304,―,WAIT,,,素早い動きの効果音,,1
305,チンピラA,「ぐわあああ」,,,キック,,
305,チンピラB,「ぎゃあああ」,,,,,
305,チンピラC,「な、なんだ、このパワー！？ スピード！？」,,,,,
305,チンピラD,「人間技じゃねえ！？」,,,,,
305,暮六,「当然ですよ。だって、あたしは――」,,,,,
306,暮六,「――ノスフェラトゥですから」,,,,,
307,星見心の声,ノスフェラトゥ病。,,,,,
307,星見心の声,かかると髪から色素が抜けてきれいな銀髪になり、夜間に眠れなくなり――,,,,,
308,星見心の声,人間離れした力を発揮するようになる病気。,,,,,
308,星見心の声,私の友達は、紛れもなく<r=ノスフェラトゥ>夜の王</r>だったのだ。,,一枚絵14,,,
308,暮六,「いえーい、星見さーん。勝ちましたよー」,,,,,
308,星見,「……バカ」,,,,,
308,暮六,「ありゃ、手厳しい」,,,,,
309,星見,「……ねえ、ひつじ」,,,,,
309,暮六,「なんですか、星見さん？」,,,,,
310,星見,「私、なりたいもの、見つかったわ」,,,,,
310,暮六,「え？ なかったんですか？」,,,,,
310,星見,「今は、そういうボケ要らないから」,,,,,
310,暮六,「あの、あたし、１００パーセント素なんですが……」,,,,,
310,星見,「要らないから」,,,,,
310,暮六,「そんな」,,,,,
310,暮六,「むー。それで、いったい、星見さんは何になりたくなったっていうんですか？」,,,,,
311,星見,「うん。あのね、私は――」,,背景２,,,
312,,ED,,,,,
314,星見,「ひーつーじー！」,,,,,
314,暮六,「ひょえっ！？ どうして、ここが！？」,,,,,
314,星見,「あんたの行動はワンパターンなのよ！」,,,,,
315,星見,「ほら、行くわよ。時間ないって言ったでしょ」,,,,夏の思い出,
315,暮六,「あああああ、待って待って、待ってください。心の準備が不完全で」,,,,,
315,星見,「年単位で時間あったんだからその間に整えときなさいよ。もう、いくら待っても同じよ」,,,,,
315,暮六,「そんなぁ！？」,,,,,
316,星見,「そんなに気にするほどじゃないわよ。同じ学年でも半分は年上なのよ？」,,,,,
316,暮六,「えっ？ じゃあ、あたしも珍しくない……？」,,,,,
316,星見,「いや、３浪はちょっと珍しいわ」,,,,,
316,暮六,「あああああ」,,,,,
317,星見,「まあ、諦めなさい。せいぜい、私が先輩としてビシバシ教えてあげるから」,,,,,
317,暮六,「ううぅ……星見さんと同じところに行きたいと思ったばっかりに、こんなことになろうとは……」,,,,,
318,暮六,「ふぁーあ……相変わらず、昼間は眠いですね……」,,,,,
318,星見,「はいはい。もっとシャンとなさい」,,,,,
318,暮六,「うぅ～……そう言われても……」,,,,,
319,暮六,「あたしと同じくらいまで起きてたのに、星見さんは凄いですね」,,,,,
319,星見,「まあ、これでも夢があるからね」,,,,,
320,暮六,「夢……そういえば、星見さんのなりたいものって結局、何になったんですか？」,,一枚絵15,,,
320,星見,「他のやつには教えてもいいけど、ひつじにだけは絶対教えない」,,,,,
320,暮六,「ええっ！？ なんで！？」,,,,,
321,星見心の声,あのとき、私は思ったのだ。ひつじのように、誰かを助ける自分になりたい、と。,,,,,
322,暮六,「むー……」,,,,,
322,星見心の声,だから、私の目標はひつじ。,,,,,
322,星見心の声,この、心優しきノスフェラトゥの眷属に、私はなりたいのだ。,,,,,
323,暮六,「はっ！人に言えない夢……なりたいもの……まさか……！？」,,,,,
323,星見,「１００パーセント違うから、今思いついたものは声に出さずに飲み込んでしまいなさい。言えないのはひつじにだけよ」,,,,,
324,,タイトル画面へ,,,,,（タイトル画面はBGM雲の隙間ででお願いします）
,,,,,,,RESET
1,―,FADEIN,,,,,0
2,星見心の声,私は天才である。,,リビング,,HIRAHIRA,
2,星見心の声,少なくとも、同じクラスにいる皆はそう思っていることだろう。,,,,,
3,星見,「ううむ……」,,,,,
4,星見心の声,台所に座すダンボール箱を見て、私は唸った。,,,,,
4,星見,「ちょ、ちょっと……買いすぎたかな……？」,,,,,
5,星見心の声,――ちょっと買いすぎた？,,,嘆き,,
5,星見心の声,いやいや、そんなレベルではない。,,,,,
5,星見心の声,ダンボール箱は私が抱きしめても手が届かないほどの大きさ。,,,,,
5,星見心の声,中に詰め込まれていたチョコレートの量は私の年間消費量を優に超えているのだ。,,,,,
5,星見心の声,何の計算もせずポチッと買っていいような量では、到底ないもの。,,,,,
6,星見心の声,正直後悔している。,,,,,
6,星見心の声,凄く後悔している。,,,,,
6,星見心の声,こんな量、どうやって始末をつければいいのか見当も付かない。,,,,,
7,ニュースキャスター,「食品ロスの問題が叫ばれる中、『チョコレートの大きさが親愛度の大きさを示す』という昨今の流行りはよいとはいえないのではないでしょうか？」,,,テレビつける,,
7,ニュースキャスター,「私もアナウンサーである前に女性ですから、バレンタインは気になるイベントですけど、量が増えればお財布を直撃しますし……チョコレートの大きさが気持ちの大きさではないと思います」,,,,,
8,星見心の声,おい、ニュースキャスターども。,,,,,
8,星見心の声,私は覚えているぞ、お前らが先週まで「チョコの大きさで気持ちの大きさを示さないと時代遅れ！」「バレンタインはチョコサイズがすべて！」ってほざいてたのを。,,,,,
9,星見心の声,腹立たしいテレビを乱暴に消して、私は天井を仰いだ。,,,テレビ消す,,
10,星見,「はーぁ……」,,,,,
11,星見,「……」,,,,,
12,星見心の声,チラリ。私はそれを見た。,,,,,
13,星見心の声,部屋の隅に転がる――アホそのもののサイズで出来上がったチョコレートがそこにはあった。,,,,,
14,星見,「……私、アホなのかなぁ？」,,,,,
15,星見心の声,多分、クラスメイトはまだ私を天才だと思い込んでいる。,,,,,
1,―,DISPLAYTITLE,,,,,START
1,―,FADEIN,,進藤の家,,,START
17,進藤,「いや、それを相談して私にどうしろと？」,,,,カフェオレオレオ,
17,星見,「このギガントチョコ食べない？」,,,,,
17,進藤,「食べるわけないでしょ」,,,,,
17,星見,「やっぱり？」,,,,,
18,進藤,「というか、あんたね？　無警戒に私の家を訪ねるんじゃないわよ。何かあったらどうすんのよ？」,,,,,
1,―,FADEIN,,一枚絵12,,VOLUME,0.5
19,星見心の声,進藤。,,,,,
19,星見心の声,去年に彼女が起こした事件はもちろん忘れていない。,,,,,
19,星見心の声,あわやキズモノにされてしまうところだったのだ。忘れようがない。,,,,,
20,星見心の声,だが、正気を取り戻した彼女は真摯だった。,,,,,
20,進藤,『ごめんなさい！　私はどうかしていたわ！　許されないことをしてしまったのはわかっているの！　何でも従うから私をどうとでもしてちょうだい！』,,,,,
20,星見心の声,恥も外聞もかなぐり捨てて、彼女は私に何度も何度も謝った。,,,,,
20,星見心の声,そうして彼女は幾度も罰を求めたが、求めたのは罰だけで決して許されようとはしなかった。,,,,,
20,星見心の声,だから、私は彼女を信用し、許すことにしたのだ。,,,,,
2,―,FADEIN,,進藤の家,,,0
21,進藤,\n「ねえ、ちょっと！　星見！　聞いてるの？」,,進藤の家,,VOLUME,1
21,星見,「聞いてる聞いてる。出会い方が違ったら私たちもっとすんなりいい友人になってたなーと思ってただけよ」,,,,,
22,進藤,「そ、そう……？」,,,,,
23,進藤,「あ……いや、違うっ！　私は自分より勉強できる友人なんて真っ平ごめんよっ！　ふんっ！」,,,,,
23,星見,「えー。友達になろうよー」,,,,,
23,進藤,「嫌よ。ぜーったい嫌！」,,,,,
23,星見,「あはは」,,,,,
24,星見心の声,こうして家に上げて相談に乗ってくれる時点で立派に友人だと思うのだが、まあ、それは言わないでおこう。,,,,,
24,星見心の声,主には彼女の矜持を守るために。,,,,,
25,星見,「でも、こんなでっかいの邪魔だから、少しでももらってくれると助かるんだけど」,,,,,
25,進藤,「嫌よ。だいたい、なんで邪魔になるのよ？」,,,,,
25,星見,「えっ？」,,,,,
26,星見,「テレビで流行りだ流行りだってうるさいから気の迷いで作っちゃったけど、私にあげたい相手なんていないし」,,,,,
26,進藤,「あんた、アホなの？」,,,,,
26,星見,「えっ？　なんで急に冷たくなったの？」,,,,,
26,進藤,「さっきから優しくなんてしてないわよ！」,,,,,
27,進藤,「どーーーーーーーしてもわかんないっていうんなら、もらってやってもいいけど」,,,,,
27,星見,「え、本当？」,,,,,
27,進藤,「でも、」,,,,,
28,進藤,「誰でもいいってんなら、私じゃなくてあの怪力女に食わせてもいいじゃないの」,,,,,
29,星見,「……」,,,,,
30,星見,「それは……その、」,,,,,
31,星見,「き、気恥ずかしいし……」,,,照れ,,
31,進藤,「痴話を持ち込むな。出てけ」,,,,,
32,星見,「あっ！　ちょっ！　本気で追い出そうとしてない！？　ちょっと待って！　待ってよ！　待ってってば！」,,,,,
33,進藤,「るっさいわね！　あんたと違って私は合格ラインギリギリなのよ！　痴話で勉強時間潰すなら出ていきなさいよ！」,,,,,
33,星見,「え？　この時期になってもまだ覚えることあるの？」,,,,,
34,―,FADEOUT,,,殴り,,FAST
34,―,WAIT,,,,FADEOUT,2
34,―,WAIT,,駅の改札,,町中の喧騒_大,0
34,―,FADEIN,,,,,0
35,星見,「いったぁ……。ぶたなくったっていいじゃないのよ……」,,,,,
36,星見,「追い出されたせいで早く着きすぎちゃったなぁ……」,,,,,
36,星見心の声,時間を確認すれば、予定より１時間も早い。,,,,,
36,星見心の声,さて、どうやって時間を潰したものか。,,,,,
37,星見,「ん？　何かしら？」,,,,,
37,星見心の声,待ち合わせ場所に小さな人だかりがあった。,,,,,
37,星見心の声,はて、イベントでもあっただろうか？,,,,,
38,暮六,「スヤーーーーーー」,,,,,
38,星見心の声,覗き込むとアホがスヤスヤしてた。,,,,,
39,暮六,「うーん、むにゃむにゃ。あと５０分……」,立ち絵22,,,HIRAHIRA,
39,星見,「長いわ！」,,,,,
40,暮六,「ふわぁああ……あれ？　星見さん？」,,,,,
40,星見,「何よ？」,,,,,
40,暮六,「まだ時間じゃないですよね？」,,,,,
40,星見,「まあ、そうね」,,,,,
41,暮六,「じゃあ、もう一眠りしますねー」,立ち絵23,,,,
41,星見,「寝るなとは言わんが、せめて場所を選べ」,,,ツッコミ,,
41,暮六,「え？　待ち合わせ場所ってここですよね？」,立ち絵12,,,,
41,星見,「それでも乙女か貴様」,,,,,
42,暮六,「失敬な。あたしはこれでも立派な乙女のつもりですよ」,立ち絵19,,,,
42,星見,「どの辺が乙女してるか言ってみなさいよ？」,,,,,
42,暮六,「駅前は人通りが多いので安全に眠れます！」,立ち絵24,,,,
42,星見,「まず、乙女が人前で寝るな」,,,,,
43,星見心の声,暮六がノスフェラトゥ病で日中眠たいことは知っていたが、普段から表で寝ているなら問題だ。,,,,,
00,星見,「とにかく、今後はあまり表で寝ないようになさいな」,,,,,
43,暮六,「むっ。あたしだって普段から表でグースカ寝てるわけじゃないですからね？」,立ち絵19,,むっ,,
43,星見,「そうなの？」,,,,,
43,暮六,「もちろんですよ！　乙女なので！」,立ち絵24,,,,
43,星見,「暮六の乙女はわりと怪しいんだけど」,,,,,
43,星見心の声,花も恥じらえ。,,,,,
44,星見,「でも、それならなんだってあんなところで寝てたのよ？」,,,,,
44,暮六,「え？　星見さんと遊びに行くのに間違っても遅刻したら嫌だったからですけど？」,立ち絵１,,,,
45,星見,「おふっ……！」,,,,,
45,星見心の声,変な声出たぞ。,,,,,
46,星見,「あんたねぇ……。そういうことは相手を選んで言いなさいよ」,,,,,
46,暮六,「むむっ。選んで言ってますぅー！」,立ち絵19,,むむっ,,
46,星見,「はいはい。喫茶店でも行くわよ」,,,,,
46,暮六,「あ。星見さん、待ってー」,立ち絵３,,,,
1,―,FADEOUT,,,,stop,SLOW
2,―,WAIT,,,,,1
47,―,FADEIN,,カフェテリア,,,0
48,星見,「で、暮六。なんだったっけ？」,立ち絵１,,,カフェオレオレオ,
48,暮六,「何がですか？」,立ち絵12,,,,
48,星見,「今日の映画のタイトル」,,,,,
48,暮六,「『月夜に愛を』ですね」,立ち絵１,,喜び,,
48,星見,「ああ、そんなタイトルだった。面白いの？」,,,,,
1,,SMALL,,,,,
49,暮六,「前評判は良いですね。監督はホラーの天才で知られるスティブーン・ロビンソン氏ですし、先行上映会で『新しい挑戦が多くの観客に受け入れられると確信している』というコメントもありました。『金切り声の里』『忘れられた男』『失われた代償』いずれもスティブーン監督が自信をのぞかせた時の作品です。面白いと断言して構わないかと」,立ち絵１,,,,
1,,NORMAL,,,,,
49,星見,「予想の１０倍濃い回答が返ってきたんだけど」,,,,,
50,星見,「え？　何、暮六ってその監督の映画好きなの？」,,,,,
50,暮六,「好き？　スティブーン監督は他に並ぶ者のない最高の映画監督ですよ？　好きと思うどころか住まう次元を同じくすることすらおこがましい……！」,立ち絵10,,ガタッ,,
50,星見,「ヒエッ」,,,,,
51,暮六,「授業中寝すぎて脳細胞がふやけてるともっぱらの噂のあたしですが！」,,,,,
51,星見,「そんな噂でいいのか」,,,,,
51,暮六,「あたしですが、ことスティブーン監督作品に関しては朝まで語れる自信がありますね！」,,,,,
51,星見,「へー、そりゃ凄い」,,,,,
51,星見,「あれ？　反応悪い」,,,,,
52,暮六,「もしや、星見さんはあまり映画が好きではないのですか？」,立ち絵１,,,,
52,星見,「いや、映画がっていうか……私は趣味自体がなくってさ」,,,,,
53,暮六,「パソコンでエフ……エフ……エフ……ゲームしてませんでしたか？」,立ち絵17,,,,
53,星見,「ＦＰＳね。銃で打ち合いするゲーム。まあ、するけどたまーにって感じよ」,,,,,
53,暮六,「だから、枕投げうまかったんですね！」,立ち絵12,,,,
53,星見,「多分関係ない」,,,,,
54,暮六,「あと、ほら、英語とか……英語とか……英語とか……言語いろいろ覚えてますよね？」,立ち絵17,,,,
54,星見,「せめて、２種類くらいは覚えてて」,,,,,
54,暮六,「世界にある言語って日本語と英語の他に何がありましたっけ？」,,,,,
54,星見心の声,この問題は根が深かった,,,,,
55,星見,「まあ、検定や資格の類を取るのは好きね」,,,,,
55,暮六,「それが趣味では？」,,,,,
55,星見,「暮六に会ってからはひとつも取ってないから違うでしょ」,,,,,
55,暮六,「あらま」,立ち絵１,,,,
56,星見,「運動も嫌いじゃないけどのめり込むほどじゃないし……それとも、趣味ってそんなもん？」,,,,,
56,暮六,「スティブーン監督の映画がなくなったら死にます」,立ち絵３,,ガタッ,,
56,星見,「ヒエッ」,,,,,
57,星見,「じゃあ、やっぱり私は趣味ないんでしょ」,,,,,
57,暮六,「では、スティブーン映画の沼にハマりましょう」,立ち絵６,,ガタッ,,
57,星見,「そろそろその顔やめて」,,,,,
58,星見心の声,好きなものがあって臆面もなくそれを「好き」と言える暮六を、私は少し羨ましいと感じた。,,,,,
1,―,FADEOUT,,,,,
2,―,WAIT,なし,,,stop,0.5
3,―,FADEIN,,映画館,,,0.5
60,暮六,「星見さん星見さん。今のライターのフタを鳴らすのがスティブーン監督独特の伏線表現です！　もう格好良くて大好きです！　絶対面白いことになるから覚えておいた方がいいですよ！」,なし,,,,
60,星見,「暮六、声大きい」,,,,,
60,暮六,「あ、すみません」,,,,,
61,暮六,「星見さん星見さん、今の高速パンがスティブーン監督の『スティブーン回し』ですよ！　一瞬の絵の中に登場人物全員の表情を収めることで場の雰囲気を素早く表現してるんです！　私、大好きなんですよ！」,,,,,
61,星見,「暮六、声が大きい」,,,,,
61,暮六,「あ、すみません」,,,,,
62,暮六,「星見さん星見さん、今の背景に映った土偶がスティブーン監督の遊び心で――」,,,,,
62,星見,「黙　っ　て　見　て　な　さ　い」,,,,,SLOW
62,暮六,「ハイ」,,,,,
63,星見心の声,好きなものがあって臆面もなくそれを「好き」と言える暮六を、私は少しめんどくせえなコイツと感じた。,,,,,
1,―,FADEOUT,,,,VOLUME,0.5
2,―,WAIT,,,,stop,1
2,―,WAIT,,,拍手,,1
3,―,FADEIN,,,,,0
65,星見心の声,銀幕は拍手に包まれた。,,,,nc2422_オルゴールBGM,
66,星見心の声,良い映画だったのだろう。観客には涙ぐむ人さえ居た。,,,,,
67,星見心の声,きっと暮六も満足したに違いない。,,,,,
68,星見心の声,現代を生きる吸血鬼の物語だった。,,,,,
69,星見心の声,人の血を吸わないことを誓った吸血鬼の男がひとけのない小さな町でとある平凡な少女と出会う。 ,,,,,
69,星見心の声,少女は非日常に憧れ、自らも吸血鬼になるべく男に血を吸うよう迫る。,,,,,
69,星見心の声,男はそんな少女をいなしながら日々を過ごす。,,,,,
70,星見心の声,刺激のない隠居生活に飽いていた男は次第に少女に惹かれ、少女もまた男の真摯さに惹かれていく。,,,,,
70,星見心の声,そうして、男が少女と近づいてしまったがために、男は吸血鬼ハンターに見つかってしまう。,,,,,
70,星見心の声,ハンターは少女を人質に取り、男に死を迫る。,,,,,
70,星見心の声,少女は最初に男に近づいた目的は吸血鬼となって罹っている死病から逃れるためであったと告白する。,,,,,
70,星見心の声,「だから、逃げてほしい」と願う少女に、「ならば、助けたい」と男は抗った。,,,,,
70,星見心の声,最終的に、男は吸血鬼にしないよう少女から間接的に吸血して力を得てハンターを撃退する。,,,,,
70,星見心の声,少女の死病を取り除き、そして、,,,,,
72,星見心の声,『月夜に愛を』,,,,,
72,星見心の声,ああ、ぴったりなタイトルだ。,,,,,
73,星見心の声,吸血鬼の男が少女から自らの思い出を消して去っていったのが、至極印象的であった。,,,,,
74,星見心の声,人間が吸血鬼になれない。そんな物語だった。,,,,,
75,星見心の声,<r=ワタシ>人間</r>は<r=ノスフェラトゥ>吸血鬼</r>になれないのだろうか。,,,,,ルビ：人間「ワタシ」 吸血鬼 「ノスフェラトゥ」
75,星見心の声,なっては、いけないのだろうか。,,,,,
1,―,FADEOUT,,,,stop,
2,―,WAIT,なし,,,VOLUME,1
3,―,FADEIN,,,,,0
76,―,WAIT,,夜の駅前,,町中の喧騒_大,1
77,星見,「良い映画だったわ。暮六が推すだけのことはあるわね」,,,,木漏れ日,
77,暮六,「んー……そうですね」,立ち絵17,,,,
78,星見,「何よ、気のない返事ね。つまらなかったの？」,,,,,
78,暮六,「あ、いえ。良い作品だとは思いましたよ。お客さんみんな喜んでましたし。これぞスティブーン監督だ！　って名シーンもたくさんありました」,,,,,
79,暮六,「ただ……」,,,,,
80,暮六,「あたしはヒロイン連れ去ってほしかったので、そこだけちょーーーーーーーーーっと引っかかってます」,立ち絵19,,,,
81,暮六,「<r=ファン>信者</r>としてはスティブーン監督の出されたものをそのまま楽しむべきと思うのですが、ここだけどうにも納得できなくて……,,,,,ルビ：信者「ファン」
81,暮六,葛藤が凄いです」,,,,,
82,星見心の声,なんと言ったものか。,,,,,
83,星見,「今変な顔してるから、ぜっっったいこっち見んな。見たらコロス」,,,,,
83,暮六,「なぜ突然変顔を！？」,立ち絵12,,,,
83,星見心の声,本当に、なんと言ったものか。,,,,,
84,星見,「……暮六ってチョコ好き？」,,,,,
84,暮六,「え？　大好きですけど？」,立ち絵１,,,,
85,星見,「そう」,,,,,
86,星見,「……」,,,,,チョコ手渡す
86,星見心の声,私の帰りの荷物は、どうやら軽くなりそうだ。,,,,,
87,―,DISPLAYTITLE,,,,,END
,,タイトル画面へ,,,,,（タイトル画面はBGM雲の隙間ででお願いします）